{"cameraMode":{"drawMode":0,"name":"Shaded","section":"Shading Mode"},"sceneLighting":true,"audioPlay":false,"sceneViewState":{"showFog":true,"showMaterialUpdate":false,"showSkybox":false,"showFlares":true,"showImageEffects":true,"showParticleSystems":true},"in2DMode":false,"pivot":{"x":-14.42498779296875,"y":-243.2689208984375,"z":-526.49169921875},"rotation":{"x":0.6141895055770874,"y":0.24150533974170686,"z":-0.20524360239505769,"w":0.7227181792259216},"size":5518.982421875,"orthographic":true}