{"cameraMode":{"drawMode":0,"name":"Shaded","section":"Shading Mode"},"sceneLighting":true,"audioPlay":false,"sceneViewState":{"showFog":true,"showMaterialUpdate":false,"showSkybox":false,"showFlares":true,"showImageEffects":true,"showParticleSystems":true},"in2DMode":false,"pivot":{"x":6.46999979019165,"y":6.139999866485596,"z":5.610000133514404},"rotation":{"x":0.018807247281074525,"y":-0.09732822328805924,"z":0.001839411910623312,"w":0.9950729608535767},"size":22.0,"orthographic":true}