{"cameraMode":{"drawMode":0,"name":"Shaded","section":"Shading Mode"},"sceneLighting":true,"audioPlay":false,"sceneViewState":{"showFog":true,"showMaterialUpdate":false,"showSkybox":false,"showFlares":true,"showImageEffects":true,"showParticleSystems":true},"in2DMode":false,"pivot":{"x":6.699999809265137,"y":5.699999809265137,"z":8.800000190734864},"rotation":{"x":0.018807247281074525,"y":-0.09732822328805924,"z":0.001839411910623312,"w":0.9950729608535767},"size":22.0,"orthographic":true}